Reference,Value,Footprint
D1,1N4148,Diode_THT:D_DO-35_SOD27_P7.62mm_Horizontal
D2,1N4148,Diode_THT:D_DO-35_SOD27_P7.62mm_Horizontal
D3,1N4148,Diode_THT:D_DO-35_SOD27_P7.62mm_Horizontal
D4,1N4148,Diode_THT:D_DO-35_SOD27_P7.62mm_Horizontal
D5,1N4148,Diode_THT:D_DO-35_SOD27_P7.62mm_Horizontal
D6,1N4148,Diode_THT:D_DO-35_SOD27_P7.62mm_Horizontal
D7,1N4148,Diode_THT:D_DO-35_SOD27_P7.62mm_Horizontal
D8,1N4148,Diode_THT:D_DO-35_SOD27_P7.62mm_Horizontal
D9,1N4148,Diode_THT:D_DO-35_SOD27_P7.62mm_Horizontal
D10,1N4148,Diode_THT:D_DO-35_SOD27_P7.62mm_Horizontal
D11,1N4148,Diode_THT:D_DO-35_SOD27_P7.62mm_Horizontal
D12,1N4148,Diode_THT:D_DO-35_SOD27_P7.62mm_Horizontal
D13,1N4148,Diode_THT:D_DO-35_SOD27_P7.62mm_Horizontal
D14,1N4148,Diode_THT:D_DO-35_SOD27_P7.62mm_Horizontal
D15,1N4148,Diode_THT:D_DO-35_SOD27_P7.62mm_Horizontal
D16,1N4148,Diode_THT:D_DO-35_SOD27_P7.62mm_Horizontal
D17,1N4148,Diode_THT:D_DO-35_SOD27_P7.62mm_Horizontal
D18,1N4148,Diode_THT:D_DO-35_SOD27_P7.62mm_Horizontal
D19,1N4148,Diode_THT:D_DO-35_SOD27_P7.62mm_Horizontal
D20,1N4148,Diode_THT:D_DO-35_SOD27_P7.62mm_Horizontal
D21,1N4148,Diode_THT:D_DO-35_SOD27_P7.62mm_Horizontal
D22,1N4148,Diode_THT:D_DO-35_SOD27_P7.62mm_Horizontal
D23,1N4148,Diode_THT:D_DO-35_SOD27_P7.62mm_Horizontal
D24,1N4148,Diode_THT:D_DO-35_SOD27_P7.62mm_Horizontal
D25,1N4148,Diode_THT:D_DO-35_SOD27_P7.62mm_Horizontal
D26,1N4148,Diode_THT:D_DO-35_SOD27_P7.62mm_Horizontal
D27,1N4148,Diode_THT:D_DO-35_SOD27_P7.62mm_Horizontal
D28,1N4148,Diode_THT:D_DO-35_SOD27_P7.62mm_Horizontal
D29,1N4148,Diode_THT:D_DO-35_SOD27_P7.62mm_Horizontal
D30,1N4148,Diode_THT:D_DO-35_SOD27_P7.62mm_Horizontal
D31,1N4148,Diode_THT:D_DO-35_SOD27_P7.62mm_Horizontal
D32,1N4148,Diode_THT:D_DO-35_SOD27_P7.62mm_Horizontal
D33,1N4148,Diode_THT:D_DO-35_SOD27_P7.62mm_Horizontal
D34,1N4148,Diode_THT:D_DO-35_SOD27_P7.62mm_Horizontal
D35,1N4148,Diode_THT:D_DO-35_SOD27_P7.62mm_Horizontal
D36,1N4148,Diode_THT:D_DO-35_SOD27_P7.62mm_Horizontal
D37,1N4148,Diode_THT:D_DO-35_SOD27_P7.62mm_Horizontal
D38,1N4148,Diode_THT:D_DO-35_SOD27_P7.62mm_Horizontal
D39,1N4148,Diode_THT:D_DO-35_SOD27_P7.62mm_Horizontal
D40,1N4148,Diode_THT:D_DO-35_SOD27_P7.62mm_Horizontal
D41,1N4148,Diode_THT:D_DO-35_SOD27_P7.62mm_Horizontal
D42,1N4148,Diode_THT:D_DO-35_SOD27_P7.62mm_Horizontal
D43,1N4148,Diode_THT:D_DO-35_SOD27_P7.62mm_Horizontal
D44,1N4148,Diode_THT:D_DO-35_SOD27_P7.62mm_Horizontal
D45,1N4148,Diode_THT:D_DO-35_SOD27_P7.62mm_Horizontal
D46,1N4148,Diode_THT:D_DO-35_SOD27_P7.62mm_Horizontal
D47,1N4148,Diode_THT:D_DO-35_SOD27_P7.62mm_Horizontal
D48,1N4148,Diode_THT:D_DO-35_SOD27_P7.62mm_Horizontal
D49,1N4148,Diode_THT:D_DO-35_SOD27_P7.62mm_Horizontal
D50,1N4148,Diode_THT:D_DO-35_SOD27_P7.62mm_Horizontal
D51,1N4148,Diode_THT:D_DO-35_SOD27_P7.62mm_Horizontal
D52,1N4148,Diode_THT:D_DO-35_SOD27_P7.62mm_Horizontal
D53,1N4148,Diode_THT:D_DO-35_SOD27_P7.62mm_Horizontal
D54,1N4148,Diode_THT:D_DO-35_SOD27_P7.62mm_Horizontal
D55,1N4148,Diode_THT:D_DO-35_SOD27_P7.62mm_Horizontal
D56,1N4148,Diode_THT:D_DO-35_SOD27_P7.62mm_Horizontal
D57,1N4148,Diode_THT:D_DO-35_SOD27_P7.62mm_Horizontal
D58,1N4148,Diode_THT:D_DO-35_SOD27_P7.62mm_Horizontal
D59,1N4148,Diode_THT:D_DO-35_SOD27_P7.62mm_Horizontal
D60,1N4148,Diode_THT:D_DO-35_SOD27_P7.62mm_Horizontal
D61,1N4148,Diode_THT:D_DO-35_SOD27_P7.62mm_Horizontal
SW1,Esc,Button_Switch_Keyboard:SW_Cherry_MX_1.00u_PCB
SW2,1,Button_Switch_Keyboard:SW_Cherry_MX_1.00u_PCB
SW3,2,Button_Switch_Keyboard:SW_Cherry_MX_1.00u_PCB
SW4,3,Button_Switch_Keyboard:SW_Cherry_MX_1.00u_PCB
SW5,4,Button_Switch_Keyboard:SW_Cherry_MX_1.00u_PCB
SW6,5,Button_Switch_Keyboard:SW_Cherry_MX_1.00u_PCB
SW7,6,Button_Switch_Keyboard:SW_Cherry_MX_1.00u_PCB
SW8,7,Button_Switch_Keyboard:SW_Cherry_MX_1.00u_PCB
SW9,8,Button_Switch_Keyboard:SW_Cherry_MX_1.00u_PCB
SW10,9,Button_Switch_Keyboard:SW_Cherry_MX_1.00u_PCB
SW11,0,Button_Switch_Keyboard:SW_Cherry_MX_1.00u_PCB
SW12,-,Button_Switch_Keyboard:SW_Cherry_MX_1.00u_PCB
SW13,=,Button_Switch_Keyboard:SW_Cherry_MX_1.00u_PCB
SW14,Backspace,Button_Switch_Keyboard:SW_Cherry_MX_2.00u_PCB
SW15,Tab,Keyboard61:SW_Cherry_MX_1.50u_PCB_SocketClearance
SW16,Q,Keyboard61:SW_Cherry_MX_1.00u_PCB_SocketClearance
SW17,W,Button_Switch_Keyboard:SW_Cherry_MX_1.00u_PCB
SW18,E,Button_Switch_Keyboard:SW_Cherry_MX_1.00u_PCB
SW19,R,Button_Switch_Keyboard:SW_Cherry_MX_1.00u_PCB
SW20,T,Button_Switch_Keyboard:SW_Cherry_MX_1.00u_PCB
SW21,Y,Button_Switch_Keyboard:SW_Cherry_MX_1.00u_PCB
SW22,U,Button_Switch_Keyboard:SW_Cherry_MX_1.00u_PCB
SW23,I,Button_Switch_Keyboard:SW_Cherry_MX_1.00u_PCB
SW24,O,Button_Switch_Keyboard:SW_Cherry_MX_1.00u_PCB
SW25,P,Button_Switch_Keyboard:SW_Cherry_MX_1.00u_PCB
SW26,[,Button_Switch_Keyboard:SW_Cherry_MX_1.00u_PCB
SW27,],Button_Switch_Keyboard:SW_Cherry_MX_1.00u_PCB
SW28,Backslash,Button_Switch_Keyboard:SW_Cherry_MX_1.50u_PCB
SW29,Caps,Button_Switch_Keyboard:SW_Cherry_MX_1.75u_PCB
SW30,A,Button_Switch_Keyboard:SW_Cherry_MX_1.00u_PCB
SW31,S,Button_Switch_Keyboard:SW_Cherry_MX_1.00u_PCB
SW32,D,Button_Switch_Keyboard:SW_Cherry_MX_1.00u_PCB
SW33,F,Button_Switch_Keyboard:SW_Cherry_MX_1.00u_PCB
SW34,G,Button_Switch_Keyboard:SW_Cherry_MX_1.00u_PCB
SW35,H,Button_Switch_Keyboard:SW_Cherry_MX_1.00u_PCB
SW36,J,Button_Switch_Keyboard:SW_Cherry_MX_1.00u_PCB
SW37,K,Button_Switch_Keyboard:SW_Cherry_MX_1.00u_PCB
SW38,L,Button_Switch_Keyboard:SW_Cherry_MX_1.00u_PCB
SW39,;,Button_Switch_Keyboard:SW_Cherry_MX_1.00u_PCB
SW40,Quote,Button_Switch_Keyboard:SW_Cherry_MX_1.00u_PCB
SW41,Enter,Button_Switch_Keyboard:SW_Cherry_MX_2.25u_PCB
SW42,LShift,Button_Switch_Keyboard:SW_Cherry_MX_2.25u_PCB
SW43,Z,Button_Switch_Keyboard:SW_Cherry_MX_1.00u_PCB
SW44,X,Button_Switch_Keyboard:SW_Cherry_MX_1.00u_PCB
SW45,C,Button_Switch_Keyboard:SW_Cherry_MX_1.00u_PCB
SW46,V,Button_Switch_Keyboard:SW_Cherry_MX_1.00u_PCB
SW47,B,Button_Switch_Keyboard:SW_Cherry_MX_1.00u_PCB
SW48,N,Button_Switch_Keyboard:SW_Cherry_MX_1.00u_PCB
SW49,M,Button_Switch_Keyboard:SW_Cherry_MX_1.00u_PCB
SW50,",",Button_Switch_Keyboard:SW_Cherry_MX_1.00u_PCB
SW51,.,Button_Switch_Keyboard:SW_Cherry_MX_1.00u_PCB
SW52,/,Button_Switch_Keyboard:SW_Cherry_MX_1.00u_PCB
SW53,RShift,Button_Switch_Keyboard:SW_Cherry_MX_2.75u_PCB
SW54,LCtrl,Button_Switch_Keyboard:SW_Cherry_MX_1.25u_PCB
SW55,LWin,Button_Switch_Keyboard:SW_Cherry_MX_1.25u_PCB
SW56,LAlt,Button_Switch_Keyboard:SW_Cherry_MX_1.25u_PCB
SW57,Space,Button_Switch_Keyboard:SW_Cherry_MX_6.25u_PCB
SW58,RAlt,Button_Switch_Keyboard:SW_Cherry_MX_1.25u_PCB
SW59,Fn,Button_Switch_Keyboard:SW_Cherry_MX_1.25u_PCB
SW60,Menu,Button_Switch_Keyboard:SW_Cherry_MX_1.25u_PCB
SW61,RCtrl,Button_Switch_Keyboard:SW_Cherry_MX_1.25u_PCB
SW62,RESET,Button_Switch_THT:SW_PUSH_6mm
U1,Raspberry Pi Pico,Keyboard61:Pico_H_Bottom_Sockets_8_5mm
