reference,diode,key,row,col,x_u,y_u,width_u,footprint
SW1,D1,Esc,0,0,0,0,1,Button_Switch_Keyboard:SW_Cherry_MX_1.00u_PCB
SW2,D2,1,0,1,1,0,1,Button_Switch_Keyboard:SW_Cherry_MX_1.00u_PCB
SW3,D3,2,0,2,2,0,1,Button_Switch_Keyboard:SW_Cherry_MX_1.00u_PCB
SW4,D4,3,0,3,3,0,1,Button_Switch_Keyboard:SW_Cherry_MX_1.00u_PCB
SW5,D5,4,0,4,4,0,1,Button_Switch_Keyboard:SW_Cherry_MX_1.00u_PCB
SW6,D6,5,0,5,5,0,1,Button_Switch_Keyboard:SW_Cherry_MX_1.00u_PCB
SW7,D7,6,0,6,6,0,1,Button_Switch_Keyboard:SW_Cherry_MX_1.00u_PCB
SW8,D8,7,0,7,7,0,1,Button_Switch_Keyboard:SW_Cherry_MX_1.00u_PCB
SW9,D9,8,0,8,8,0,1,Button_Switch_Keyboard:SW_Cherry_MX_1.00u_PCB
SW10,D10,9,0,9,9,0,1,Button_Switch_Keyboard:SW_Cherry_MX_1.00u_PCB
SW11,D11,0,0,10,10,0,1,Button_Switch_Keyboard:SW_Cherry_MX_1.00u_PCB
SW12,D12,-,0,11,11,0,1,Button_Switch_Keyboard:SW_Cherry_MX_1.00u_PCB
SW13,D13,=,0,12,12,0,1,Button_Switch_Keyboard:SW_Cherry_MX_1.00u_PCB
SW14,D14,Backspace,0,13,13,0,2,Button_Switch_Keyboard:SW_Cherry_MX_2.00u_PCB
SW15,D15,Tab,1,0,0,1,1.5,Button_Switch_Keyboard:SW_Cherry_MX_1.50u_PCB
SW16,D16,Q,1,1,1.5,1,1,Button_Switch_Keyboard:SW_Cherry_MX_1.00u_PCB
SW17,D17,W,1,2,2.5,1,1,Button_Switch_Keyboard:SW_Cherry_MX_1.00u_PCB
SW18,D18,E,1,3,3.5,1,1,Button_Switch_Keyboard:SW_Cherry_MX_1.00u_PCB
SW19,D19,R,1,4,4.5,1,1,Button_Switch_Keyboard:SW_Cherry_MX_1.00u_PCB
SW20,D20,T,1,5,5.5,1,1,Button_Switch_Keyboard:SW_Cherry_MX_1.00u_PCB
SW21,D21,Y,1,6,6.5,1,1,Button_Switch_Keyboard:SW_Cherry_MX_1.00u_PCB
SW22,D22,U,1,7,7.5,1,1,Button_Switch_Keyboard:SW_Cherry_MX_1.00u_PCB
SW23,D23,I,1,8,8.5,1,1,Button_Switch_Keyboard:SW_Cherry_MX_1.00u_PCB
SW24,D24,O,1,9,9.5,1,1,Button_Switch_Keyboard:SW_Cherry_MX_1.00u_PCB
SW25,D25,P,1,10,10.5,1,1,Button_Switch_Keyboard:SW_Cherry_MX_1.00u_PCB
SW26,D26,[,1,11,11.5,1,1,Button_Switch_Keyboard:SW_Cherry_MX_1.00u_PCB
SW27,D27,],1,12,12.5,1,1,Button_Switch_Keyboard:SW_Cherry_MX_1.00u_PCB
SW28,D28,Backslash,1,13,13.5,1,1.5,Button_Switch_Keyboard:SW_Cherry_MX_1.50u_PCB
SW29,D29,Caps,2,0,0,2,1.75,Button_Switch_Keyboard:SW_Cherry_MX_1.75u_PCB
SW30,D30,A,2,1,1.75,2,1,Button_Switch_Keyboard:SW_Cherry_MX_1.00u_PCB
SW31,D31,S,2,2,2.75,2,1,Button_Switch_Keyboard:SW_Cherry_MX_1.00u_PCB
SW32,D32,D,2,3,3.75,2,1,Button_Switch_Keyboard:SW_Cherry_MX_1.00u_PCB
SW33,D33,F,2,4,4.75,2,1,Button_Switch_Keyboard:SW_Cherry_MX_1.00u_PCB
SW34,D34,G,2,5,5.75,2,1,Button_Switch_Keyboard:SW_Cherry_MX_1.00u_PCB
SW35,D35,H,2,6,6.75,2,1,Button_Switch_Keyboard:SW_Cherry_MX_1.00u_PCB
SW36,D36,J,2,7,7.75,2,1,Button_Switch_Keyboard:SW_Cherry_MX_1.00u_PCB
SW37,D37,K,2,8,8.75,2,1,Button_Switch_Keyboard:SW_Cherry_MX_1.00u_PCB
SW38,D38,L,2,9,9.75,2,1,Button_Switch_Keyboard:SW_Cherry_MX_1.00u_PCB
SW39,D39,;,2,10,10.75,2,1,Button_Switch_Keyboard:SW_Cherry_MX_1.00u_PCB
SW40,D40,Quote,2,11,11.75,2,1,Button_Switch_Keyboard:SW_Cherry_MX_1.00u_PCB
SW41,D41,Enter,2,12,12.75,2,2.25,Button_Switch_Keyboard:SW_Cherry_MX_2.25u_PCB
SW42,D42,LShift,3,0,0,3,2.25,Button_Switch_Keyboard:SW_Cherry_MX_2.25u_PCB
SW43,D43,Z,3,1,2.25,3,1,Button_Switch_Keyboard:SW_Cherry_MX_1.00u_PCB
SW44,D44,X,3,2,3.25,3,1,Button_Switch_Keyboard:SW_Cherry_MX_1.00u_PCB
SW45,D45,C,3,3,4.25,3,1,Button_Switch_Keyboard:SW_Cherry_MX_1.00u_PCB
SW46,D46,V,3,4,5.25,3,1,Button_Switch_Keyboard:SW_Cherry_MX_1.00u_PCB
SW47,D47,B,3,5,6.25,3,1,Button_Switch_Keyboard:SW_Cherry_MX_1.00u_PCB
SW48,D48,N,3,6,7.25,3,1,Button_Switch_Keyboard:SW_Cherry_MX_1.00u_PCB
SW49,D49,M,3,7,8.25,3,1,Button_Switch_Keyboard:SW_Cherry_MX_1.00u_PCB
SW50,D50,",",3,8,9.25,3,1,Button_Switch_Keyboard:SW_Cherry_MX_1.00u_PCB
SW51,D51,.,3,9,10.25,3,1,Button_Switch_Keyboard:SW_Cherry_MX_1.00u_PCB
SW52,D52,/,3,10,11.25,3,1,Button_Switch_Keyboard:SW_Cherry_MX_1.00u_PCB
SW53,D53,RShift,3,11,12.25,3,2.75,Button_Switch_Keyboard:SW_Cherry_MX_2.75u_PCB
SW54,D54,LCtrl,4,0,0,4,1.25,Button_Switch_Keyboard:SW_Cherry_MX_1.25u_PCB
SW55,D55,LWin,4,1,1.25,4,1.25,Button_Switch_Keyboard:SW_Cherry_MX_1.25u_PCB
SW56,D56,LAlt,4,2,2.5,4,1.25,Button_Switch_Keyboard:SW_Cherry_MX_1.25u_PCB
SW57,D57,Space,4,3,3.75,4,6.25,Button_Switch_Keyboard:SW_Cherry_MX_6.25u_PCB
SW58,D58,RAlt,4,4,10.0,4,1.25,Button_Switch_Keyboard:SW_Cherry_MX_1.25u_PCB
SW59,D59,Fn,4,5,11.25,4,1.25,Button_Switch_Keyboard:SW_Cherry_MX_1.25u_PCB
SW60,D60,Menu,4,6,12.5,4,1.25,Button_Switch_Keyboard:SW_Cherry_MX_1.25u_PCB
SW61,D61,RCtrl,4,7,13.75,4,1.25,Button_Switch_Keyboard:SW_Cherry_MX_1.25u_PCB
